"district","percentSuccessLegislation","termsRepresentative","districtBlackPop","blackRepresentative","districtPercentWealthy","districtPercentBachelors","partyRepresentative"
"1","AK.0",0.0666666666666667,21,0.034752802936489,0,47.1,27.5,"Republican"
"2","AL.1",0,3.5,0.27709580228818,0,26.1,21.5,"Republican"
"3","AL.2",0,2,0.298762075092414,0,25.5,21,"Republican"
"4","AL.3",0,6,0.253241280529609,0,24.6,19.6,"Republican"
"5","AL.5",0,2,0.170824426263958,0,33,28.9,"Republican"
"6","AL.6",0,11,0.13612072088919,0,38.1,34.1,"Republican"
"7","AL.7",0.25,2,0.638672568709584,1,17.8,18,"Democrat"
"8","AR.1",0,2,0.181440587842498,0,19.3,14.5,"Republican"
"9","AR.2",0,2,0.217297212381231,0,29.1,26.8,"Republican"
"10","AR.3",0,2,0.0271401143338581,0,25.5,24.1,"Republican"
"11","AR.4",0,1,0.195858550960828,0,19.5,15.1,"Republican"
"12","AZ.1",0.111111111111111,2,0.0230562102656996,0,28.6,23,"Democrat"
"13","AZ.2",0,2,0.0402932401186724,0,29.5,31.8,"Democrat"
"14","AZ.3",0.0294117647058824,6,0.0472270661316189,0,23,15.3,"Democrat"
"15","AZ.4",0.130434782608696,2,0.0187961556499766,0,23.8,17.6,"Republican"
"16","AZ.5",0,4,0.0298526088292084,0,43.1,33,"Republican"
"17","AZ.6",0,2,0.0262470087650941,0,41.9,40.6,"Republican"
"18","AZ.7",0,12,0.0939518063910428,0,17.3,13.4,"Democrat"
"19","AZ.8",0,6,0.0409714635680471,0,37.1,27.8,"Republican"
"20","AZ.9",0,1,0.0546593037480389,0,32.2,35.2,"Democrat"
"21","CA.1",0,1,0.0137193301680266,0,28,22.1,"Republican"
"22","CA.10",0.133333333333333,2,0.0321205069697038,0,34.8,17.1,"Republican"
"23","CA.11",0,20,0.0927386479209452,0,49.6,41.3,"Democrat"
"24","CA.12",0,14,0.0599746665295259,0,50,54,"Democrat"
"25","CA.13",0,9,0.189787015796901,1,40.7,44.5,"Democrat"
"26","CA.14",0,4,0.0329990718836575,0,55.8,41.8,"Democrat"
"27","CA.15",0.25,1,0.0633216948403924,0,57.1,39.9,"Democrat"
"28","CA.16",0,5,0.0601342566421707,0,21.1,11.7,"Democrat"
"29","CA.17",0,7,0.0269368312239823,0,62,51.4,"Democrat"
"30","CA.18",0,11,0.0199960685412197,0,62.4,57.9,"Democrat"
"31","CA.19",0,10,0.0311110361774859,0,52.1,31.4,"Democrat"
"32","CA.2",0,1,0.017129971067113,0,42.5,38.4,"Democrat"
"33","CA.20",0.2,11,0.0228165857513037,0,39.9,26.1,"Democrat"
"34","CA.21",0,1,0.0456995081788147,0,20.7,8.2,"Republican"
"35","CA.22",0.111111111111111,6,0.0316249505598097,0,34.4,23.4,"Republican"
"36","CA.23",0.125,4,0.0618397425515284,0,36.1,18.8,"Republican"
"37","CA.24",0.037037037037037,9,0.0204678980961767,0,40.7,31.5,"Democrat"
"38","CA.25",0.125,11,0.0773698520128207,0,48.7,26.7,"Republican"
"39","CA.26",0,1,0.019242816114303,0,50,31.3,"Democrat"
"40","CA.27",0,3,0.0459264269659755,0,46,39.8,"Democrat"
"41","CA.28",0,7,0.0259455823837945,0,37.8,42.1,"Democrat"
"42","CA.29",0,1,0.0401348248186799,0,28.8,18.3,"Democrat"
"43","CA.3",0,3,0.0622734975514396,0,37.2,23.6,"Democrat"
"44","CA.30",0,9,0.0445803385515748,0,46.4,41.2,"Democrat"
"45","CA.31",0,8,0.106532064338114,0,35.5,22.3,"Republican"
"46","CA.32",0,8,0.0282546955548417,0,38.9,19.9,"Democrat"
"47","CA.33",0,20,0.0289197882718901,0,58.8,62.1,"Democrat"
"48","CA.34",0,11,0.0432906332333969,0,20,21.4,"Democrat"
"49","CA.35",0,1,0.0728994310683025,0,33.7,14.3,"Democrat"
"50","CA.36",0,1,0.0399858407079646,0,28.6,20.1,"Democrat"
"51","CA.37",0,2,0.249689380022157,1,33.8,36,"Democrat"
"52","CA.38",0,6,0.0387742391715416,0,41.7,21.1,"Democrat"
"53","CA.39",0.133333333333333,11,0.0231650152973868,0,52.7,38.3,"Republican"
"54","CA.4",0.111111111111111,3,0.0121919179726055,0,44,30.9,"Republican"
"55","CA.40",0.0666666666666667,11,0.0501157613535174,0,21.4,8.4,"Democrat"
"56","CA.41",0,1,0.0960500870305566,0,33.7,16.5,"Democrat"
"57","CA.42",0.0769230769230769,11,0.0537563023702295,0,48.8,23.5,"Republican"
"58","CA.43",0,12,0.237142361120993,1,31.6,24.1,"Democrat"
"59","CA.44",0.05,2,0.16285382863448,0,27.8,11.3,"Democrat"
"60","CA.45",0.25,5,0.0165228350940663,0,59.7,50.9,"Republican"
"61","CA.46",0,9,0.0189524548363888,0,34.7,17,"Democrat"
"62","CA.47",0,1,0.0739108080544153,0,39.3,29.3,"Democrat"
"63","CA.48",0,13,0.0110971031743237,0,52.7,42.6,"Republican"
"64","CA.49",0.0833333333333333,7,0.0266057231127442,0,48.5,40.2,"Republican"
"65","CA.5",0.0714285714285714,8,0.0624742067656094,0,42.3,29.3,"Democrat"
"66","CA.50",0,3,0.0249685991562607,0,41,24.7,"Republican"
"67","CA.51",0,1,0.0724835571139188,0,24.6,13.2,"Democrat"
"68","CA.52",0.037037037037037,1,0.0299526929595993,0,54.4,54.7,"Democrat"
"69","CA.53",0,7,0.0818984936088928,0,40.8,34.4,"Democrat"
"70","CA.6",0,5,0.125673021928329,0,29.5,25.8,"Democrat"
"71","CA.7",0,1,0.0767524750248767,0,42.8,31.1,"Democrat"
"72","CA.8",0.0769230769230769,1,0.0846965138963902,0,29.6,15.4,"Republican"
"73","CA.9",0,4,0.0864781416095329,0,37.4,19.1,"Democrat"
"74","CO.1",0,9,0.0872646415959927,0,35.2,42.7,"Democrat"
"75","CO.2",0.0384615384615385,3,0.00785894027805829,0,45.1,51.6,"Democrat"
"76","CO.3",0.0833333333333333,2,0.00971168942583593,0,30.1,29.1,"Republican"
"77","CO.4",0.0416666666666667,2,0.0122130885315048,0,41.8,32.1,"Republican"
"78","CO.5",0.142857142857143,4,0.0564701207774147,0,36,33.6,"Republican"
"79","CO.6",0.157894736842105,3,0.0892256189121037,0,44.3,39.7,"Republican"
"80","CO.7",0.142857142857143,4,0.0143911777549325,0,38.3,29.9,"Democrat"
"81","CT.1",0,8,0.147517843269353,0,43.5,34.2,"Democrat"
"82","CT.2",0,4,0.0374455444435734,0,48,32.7,"Democrat"
"83","CT.3",0,12,0.132517828953997,0,42.7,34.1,"Democrat"
"84","CT.4",0,3,0.121547129629501,0,54.9,47.3,"Democrat"
"85","CT.5",0.0666666666666667,1,0.0652459809118645,0,45.1,34.1,"Democrat"
"86","DE.0",0,2,0.214612646211222,0,39.3,28.9,"Democrat"
"87","FL.1",0.115384615384615,7,0.133810875749356,0,29.8,25,"Republican"
"88","FL.10",0,2,0.122090940633907,0,30.7,27.9,"Republican"
"89","FL.11",0,2,0.0860509338054389,0,20.8,18,"Republican"
"90","FL.12",0,4,0.0442067249202819,0,31.5,26.4,"Republican"
"91","FL.13",0,10.5,0.0576566685633776,0,27.3,27.2,"Republican"
"92","FL.14",0,4,0.269545086139444,0,23.6,25.6,"Democrat"
"93","FL.15",0,2,0.131875249244136,0,31.9,26.4,"Republican"
"94","FL.16",0,4,0.0662068087273962,0,29.9,29,"Republican"
"95","FL.17",0,3,0.093330321807143,0,24.1,18.2,"Republican"
"96","FL.18",0,1,0.122542717259667,0,34.2,29,"Democrat"
"97","FL.19",0,1,0.0765447422192951,0,32.2,29,"Republican"
"98","FL.2",0,2,0.24409131966592,0,26.1,26.4,"Republican"
"99","FL.20",0,11,0.528115151506666,1,19.5,17.8,"Democrat"
"100","FL.21",0.0714285714285714,3,0.122955280572956,0,36.9,33.9,"Democrat"
"101","FL.22",0,1,0.111460395408705,0,35.5,35.6,"Democrat"
"102","FL.23",0.166666666666667,5,0.112883227580757,0,36.3,36.1,"Democrat"
"103","FL.24",0.0909090909090909,2,0.557591092539631,1,21.8,20.2,"Democrat"
"104","FL.25",0,6,0.0751260799764008,0,29.3,24.4,"Republican"
"105","FL.26",0.0909090909090909,1,0.102902360046722,0,33.6,26.7,"Democrat"
"106","FL.27",0.0476190476190476,13,0.0799708439631384,0,28.8,28.8,"Republican"
"107","FL.3",0,1,0.134868093082614,0,26.8,23.8,"Republican"
"108","FL.4",0,7,0.134628306064532,0,35.4,29.5,"Republican"
"109","FL.5",0,11,0.528384348624725,1,17,15.9,"Democrat"
"110","FL.6",0,1,0.0940315108153926,0,28.9,26.7,"Republican"
"111","FL.7",0,11,0.0875201994289442,0,34.7,33.5,"Republican"
"112","FL.8",0.0769230769230769,3,0.0977642006083983,0,29.2,26.3,"Republican"
"113","FL.9",0,2,0.111779491167161,0,25.5,23,"Democrat"
"114","GA.1",0,11,0.298160709385827,0,27.8,23.6,"Republican"
"115","GA.10",0,4,0.249522004896953,0,29.8,23.6,"Republican"
"116","GA.11",0,6,0.154061464803682,0,41.1,37.8,"Republican"
"117","GA.12",0,5,0.346976981539935,0,24.4,19.8,"Democrat"
"118","GA.13",NA,6,0.558323850534916,1,31.1,26.9,"Democrat"
"119","GA.14",0,3,0.0873964935171781,0,25.3,16.3,"Republican"
"120","GA.2",0,11,0.514242149628159,1,19,15.6,"Democrat"
"121","GA.3",0,5,0.235719648049979,0,33.5,24.2,"Republican"
"122","GA.4",0,4,0.577734118816902,1,30.3,29.1,"Democrat"
"123","GA.5",0.05,14,0.587499027670723,1,28.3,38.3,"Democrat"
"124","GA.6",0,5,0.128955522153763,0,52,57.1,"Republican"
"125","GA.7",0,2,0.183764740243146,0,43.4,37.7,"Republican"
"126","GA.8",0,2,0.3007483287134,0,24.5,19,"Republican"
"127","GA.9",0,1,0.0700340349639723,0,27,20.3,"Republican"
"128","HI.1",0,2,0.020233707956426,0,48.1,33.7,"Democrat"
"129","HI.2",0.1,1,0.0154061196409461,0,41.9,26.3,"Democrat"
"130","IA.1",0,4,0.0328174970819005,0,31.6,24.3,"Democrat"
"131","IA.2",0,4,0.0359751407441845,0,30.4,26.4,"Democrat"
"132","IA.3",0.0666666666666667,10,0.0377210847338173,0,36.6,30.4,"Republican"
"133","IA.4",0,6,0.0131597281558503,0,28.3,21.7,"Republican"
"134","ID.1",0,2,0.00389376833462748,0,26.5,23.7,"Republican"
"135","ID.2",0.142857142857143,8,0.00743317684317556,0,26.8,26.5,"Republican"
"136","IL.1",0,11,0.523787761835362,1,32.2,26,"Democrat"
"137","IL.10",0,1,0.0665585897934786,0,47.7,42,"Democrat"
"138","IL.11",0,3,0.109073595277015,0,45.5,34.3,"Democrat"
"139","IL.12",0,1,0.167668319981084,0,27,21.2,"Democrat"
"140","IL.13",0.142857142857143,1,0.110536142746105,0,29.4,28.3,"Republican"
"141","IL.14",0,2,0.0293126773645008,0,55.2,37.9,"Republican"
"142","IL.15",0,9,0.041560975335092,0,28,17.9,"Republican"
"143","IL.16",0,2,0.0355705076664833,0,34.5,20.6,"Republican"
"144","IL.17",0,1,0.111535773072674,0,24.8,17.6,"Democrat"
"145","IL.18",0,3,0.0377858827859664,0,37.7,30.2,"Republican"
"146","IL.2",0,1,0.556993944709633,1,28.1,21,"Democrat"
"147","IL.3",0.0714285714285714,5,0.044944979702942,0,40.9,25.3,"Democrat"
"148","IL.4",0,11,0.0435920943223248,0,25,18.8,"Democrat"
"149","IL.5",0,3,0.0281352987410543,0,45.7,49.8,"Democrat"
"150","IL.6",0,4,0.0238171317581757,0,58.5,50.4,"Republican"
"151","IL.7",0,9,0.528308980843019,1,33.6,37.2,"Democrat"
"152","IL.8",0,1,0.0485393704807774,0,42,32.5,"Democrat"
"153","IL.9",0,8,0.0873993956758991,0,42.9,50.7,"Democrat"
"154","IN.1",0,15,0.19681405451377,0,32.5,20.8,"Democrat"
"155","IN.2",0,1,0.0688913975314402,0,25.8,20.1,"Republican"
"156","IN.3",0,3,0.0610857352863968,0,27.5,21.1,"Republican"
"157","IN.4",0,2,0.0341310409561481,0,30.6,23.7,"Republican"
"158","IN.5",0.166666666666667,1,0.0791234077523627,0,41,41.7,"Republican"
"159","IN.6",0,1,0.0215990001567457,0,26.3,18.4,"Republican"
"160","IN.7",0,4,0.290026302596609,1,21,20.8,"Democrat"
"161","IN.8",0.0909090909090909,2,0.0406037423814221,0,27.3,18.5,"Republican"
"162","IN.9",0,2,0.0261261000263496,0,29.3,23.3,"Republican"
"163","KS.1",0,2,0.0286292747520159,0,25.7,22.9,"Republican"
"164","KS.2",0.0625,3,0.0445104398462662,0,28.1,26.9,"Republican"
"165","KS.3",0,2,0.0882696147018322,0,43.7,43.9,"Republican"
"166","KS.4",0.111111111111111,2,0.0674062853602214,0,30.1,26.9,"Republican"
"167","KY.1",0,10,0.0695023469508978,0,20.7,14.9,"Republican"
"168","KY.2",0.1,3,0.0563845904716945,0,26.1,18.1,"Republican"
"169","KY.3",0,4,0.21021429071929,0,29,29.6,"Democrat"
"170","KY.4",0,2,0.0339975460459122,0,35,25.6,"Republican"
"171","KY.5",0.666666666666667,17,0.0135249694951623,0,16.3,11.8,"Republican"
"172","KY.6",0,1,0.0855883490210921,0,28.8,29.1,"Republican"
"173","LA.1",0,4,0.129471345069013,0,36.6,27.9,"Republican"
"174","LA.2",0.0666666666666667,2,0.620933745773685,1,22.7,20.5,"Democrat"
"175","LA.3",0,5,0.245651535832134,0,29.6,18.9,"Republican"
"176","LA.4",0.0909090909090909,3,0.338154986989432,0,25.8,18.9,"Republican"
"177","LA.5",0,3.5,0.353793080615792,0,22.4,16.4,"Republican"
"178","LA.6",0.037037037037037,3,0.234108036173445,0,38,28,"Republican"
"179","MA.1",0,13,0.0625348101526297,0,34,26.9,"Democrat"
"180","MA.2",0,9,0.0457582985354119,0,42.2,36.2,"Democrat"
"181","MA.3",0,4,0.0331963003820258,0,45.3,35.8,"Democrat"
"182","MA.4",0.25,1,0.0245707648388442,0,55.2,48.6,"Democrat"
"183","MA.5",0,10.5,0.0480709169863547,0,53.2,52.5,"Democrat"
"184","MA.6",0,9,0.0304970928297046,0,51.5,40.7,"Democrat"
"185","MA.7",0,8,0.256496827626946,0,35.3,39.4,"Democrat"
"186","MA.8",0,7,0.0910032523918434,0,49.4,42,"Democrat"
"187","MA.9",0,2,0.0262974011479373,0,40.9,31.9,"Democrat"
"188","MD.1",0,2,0.118111834519708,0,45.6,29.1,"Republican"
"189","MD.2",0,6,0.325698642762313,0,40.7,28.5,"Democrat"
"190","MD.3",0,4,0.21471094657117,0,50.6,44.7,"Democrat"
"191","MD.4",0,4,0.535812350696065,1,49.2,30.8,"Democrat"
"192","MD.5",0.333333333333333,17,0.37738961815479,0,60.1,32.6,"Democrat"
"193","MD.6",0,1,0.128097505961642,0,49.1,39.5,"Democrat"
"194","MD.7",0.125,10,0.543984331514505,1,37.1,35.2,"Democrat"
"195","MD.8",0,6,0.116785196399668,0,61.3,52.9,"Democrat"
"196","ME.1",0,3,0.014922415747119,0,34.7,34.1,"Democrat"
"197","ME.2",0,6,0.00709214502651248,0,23.8,21.7,"Democrat"
"198","MI.1",0.133333333333333,2,0.0146464123872958,0,22.8,22.2,"Republican"
"199","MI.10",0.1,6,0.0275794837206798,0,35,21.2,"Republican"
"200","MI.11",0,1,0.0480761640560687,0,49,44.4,"Republican"
"201","MI.12",0,30,0.105105365140428,0,33.5,31.9,"Democrat"
"202","MI.13",0,25,0.563108266855691,1,16.3,13.5,"Democrat"
"203","MI.14",0,3,0.576235528109621,0,27.4,28.7,"Democrat"
"204","MI.2",0,2,0.0600067679986464,0,27.5,23.4,"Republican"
"205","MI.3",0,2,0.0889612208051359,0,30.7,27.7,"Republican"
"206","MI.4",0.263157894736842,12,0.0189812388787351,0,24.9,19.6,"Republican"
"207","MI.5",0,1,0.174267965777025,0,23.1,17.9,"Democrat"
"208","MI.6",0.285714285714286,14,0.0854875831288227,0,27.5,24.7,"Republican"
"209","MI.7",0.142857142857143,3,0.0411492742911376,0,31.6,22.1,"Republican"
"210","MI.8",0.181818181818182,7,0.0552243940402206,0,41.1,37.6,"Republican"
"211","MI.9",0,16,0.108596296953764,0,32.3,27.7,"Democrat"
"212","MN.1",0.0769230769230769,4,0.0241899095153295,0,33.9,26,"Democrat"
"213","MN.2",0.125,6,0.0383633850993783,0,49.3,36.4,"Republican"
"214","MN.3",0,3,0.066491530029894,0,52.1,46,"Republican"
"215","MN.4",0,7,0.0940543402602193,0,39.9,40.8,"Democrat"
"216","MN.5",0.0476190476190476,4,0.153241951041167,1,35.1,42.3,"Democrat"
"217","MN.6",0.0909090909090909,4,0.0220086618876941,0,46.3,27.4,"Republican"
"218","MN.7",0.5,12,0.00865216281412804,0,28.9,20.1,"Democrat"
"219","MN.8",0.214285714285714,4,0.00991407998575294,0,28,21.4,"Democrat"
"220","MO.1",0,7,0.489320035100486,1,23.4,28.2,"Democrat"
"221","MO.2",0.1,1,0.0360102073246464,0,49.3,46.6,"Republican"
"222","MO.3",0.0454545454545455,3,0.0331883938780545,0,34.1,23.2,"Republican"
"223","MO.4",0,2,0.0450827738826058,0,25,23.3,"Republican"
"224","MO.5",0,5,0.218313931796135,1,26.5,24.9,"Democrat"
"225","MO.6",0,7,0.039128797405608,0,33,25.2,"Republican"
"226","MO.7",0,2,0.0163729097212076,0,22.1,22.2,"Republican"
"227","MO.8",0,1,0.0451989729392519,0,19,14.7,"Republican"
"228","MS.1",0.25,2,0.262882299791138,0,23.3,18.1,"Republican"
"229","MS.2",0.0833333333333333,11,0.648630193704633,1,17.2,18,"Democrat"
"230","MS.3",0.0714285714285714,3,0.349659296491847,0,26,24.6,"Republican"
"231","MS.4",0,2,0.230225773617267,0,24.7,19.6,"Republican"
"232","MT.0",0,1,0.00404384740334524,0,27.2,28.7,"Republican"
"233","NC.1",0.111111111111111,6,0.525782711531964,1,18.2,18.4,"Democrat"
"234","NC.10",0,5,0.11630976126171,0,24.6,22.5,"Republican"
"235","NC.11",0.0666666666666667,1,0.030762331838565,0,21.6,21.4,"Republican"
"236","NC.12",0,11,0.503468222751061,1,18.6,22.7,"Democrat"
"237","NC.13",0.166666666666667,1,0.172244144382102,0,42.8,38.2,"Republican"
"238","NC.2",0,2,0.159467456802744,0,32,28,"Republican"
"239","NC.3",0,10,0.189065459125178,0,25.8,21.6,"Republican"
"240","NC.4",0,13,0.322859103939276,0,31.1,41.2,"Democrat"
"241","NC.5",0.222222222222222,5,0.128230726416981,0,26.4,25.9,"Republican"
"242","NC.6",0.333333333333333,15,0.154063745073205,0,31.3,28.2,"Republican"
"243","NC.7",0.0833333333333333,9,0.173245879745932,0,28,22.9,"Democrat"
"244","NC.8",0.166666666666667,1,0.187590949025026,0,23.6,16.5,"Republican"
"245","NC.9",0.166666666666667,1,0.125942510991799,0,47.4,46.8,"Republican"
"246","ND.0",0.25,1,0.0134433972521713,0,34.3,27.2,"Republican"
"247","NE.1",0,5,0.0276756007844591,0,32.4,29,"Republican"
"248","NE.2",0.0625,8,0.0992910438712077,0,36.9,37,"Republican"
"249","NE.3",0,4,0.00953032405732664,0,25.9,19.9,"Republican"
"250","NH.1",0,3,0.0150806834720671,0,43.2,33.6,"Democrat"
"251","NH.2",0.0909090909090909,1,0.00918119761225051,0,42.8,33.8,"Democrat"
"252","NJ.1",0,13,0.170470234489683,0,43,28.4,"Democrat"
"253","NJ.10",0.0833333333333333,2,0.534504262914082,1,31.7,26.3,"Democrat"
"254","NJ.11",0,10,0.0366877307853363,0,63.1,50.3,"Republican"
"255","NJ.12",0,8,0.175966839973604,0,52.8,42.2,"Democrat"
"256","NJ.2",0,10,0.132605165971172,0,38.7,23.5,"Republican"
"257","NJ.3",0,2,0.104760661125099,0,49.1,30.8,"Republican"
"258","NJ.4",0.0625,17,0.0675982094525959,0,50.1,36.7,"Republican"
"259","NJ.5",0.0526315789473684,6,0.0473672980403722,0,58.7,44.6,"Republican"
"260","NJ.6",0.0588235294117647,14,0.100354755267722,0,50.6,36.8,"Democrat"
"261","NJ.7",0,3,0.0422298422225031,0,63.4,49.3,"Republican"
"262","NJ.8",0,5,0.10525729247088,0,36,28.9,"Democrat"
"263","NJ.9",0,9,0.111786003460817,0,40.5,31.1,"Democrat"
"264","NM.1",0,1,0.0272807190033891,0,30.7,31.3,"Democrat"
"265","NM.2",0,5,0.0170391804311755,0,23.9,19.7,"Republican"
"266","NM.3",0,3,0.0168156501108996,0,30.1,26.1,"Democrat"
"267","NV.1",0,2,0.09916665033239,0,21,14.7,"Democrat"
"268","NV.2",0.0588235294117647,2,0.0200786074908142,0,34.6,24.1,"Republican"
"269","NV.3",0.133333333333333,2,0.0672875941485575,0,42.3,30.9,"Republican"
"270","NV.4",0,1,0.142558055168254,1,32.9,18.7,"Democrat"
"271","NY.1",0,6,0.0479429997584736,0,57,33.6,"Democrat"
"272","NY.10",0,12,0.0443207821347245,0,49.6,57.7,"Democrat"
"273","NY.11",0.0869565217391304,2,0.0769269260225534,0,43.1,30.7,"Republican"
"274","NY.12",0.0487804878048781,11,0.0481627437263044,0,55.3,68.8,"Democrat"
"275","NY.13",0.0416666666666667,22,0.314258782788809,1,22.1,28,"Democrat"
"276","NY.14",0,8,0.109122204064671,0,31.9,24.8,"Democrat"
"277","NY.15",0,13,0.337836619858925,0,12.2,11.7,"Democrat"
"278","NY.16",0,13,0.326432660138187,0,43.6,37.6,"Democrat"
"279","NY.17",0,13,0.10594128206613,0,56.8,44.2,"Democrat"
"280","NY.18",0.0666666666666667,1,0.0921104706905394,0,51.3,34.3,"Democrat"
"281","NY.19",0,2,0.0439208862659775,0,36.7,26.7,"Republican"
"282","NY.2",0,11,0.0987460815047022,0,58,27.4,"Republican"
"283","NY.20",0,3,0.0918732776626658,0,39.5,35.4,"Democrat"
"284","NY.21",0,3,0.0295803609538123,0,29.6,21.2,"Democrat"
"285","NY.22",0.111111111111111,2,0.0370820022490895,0,28.9,23,"Republican"
"286","NY.23",0.0666666666666667,3,0.0288312431519516,0,27.3,23.9,"Republican"
"287","NY.24",0,2,0.0820638066262874,0,33.5,28.5,"Democrat"
"288","NY.25",0.125,14,0.157303651686954,0,33.8,35.6,"Democrat"
"289","NY.26",0,5,0.179618703861115,0,26.8,28.5,"Democrat"
"290","NY.27",0.142857142857143,1,0.024430226236775,0,37.8,28.3,"Republican"
"291","NY.3",0,7,0.029993756503642,0,62.7,50.1,"Democrat"
"292","NY.4",0,9,0.143148589865589,0,59.3,38.6,"Democrat"
"293","NY.5",0.2,9,0.506362286970127,1,41,23.8,"Democrat"
"294","NY.6",0.0833333333333333,1,0.0371663012526291,0,38.4,36.7,"Democrat"
"295","NY.7",0,11,0.103822337783087,0,30.2,28.1,"Democrat"
"296","NY.8",0.0666666666666667,1,0.559878557874763,1,29.9,27.1,"Democrat"
"297","NY.9",0,4,0.526566827577976,1,31.5,32.5,"Democrat"
"298","OH.1",0.0714285714285714,9,0.219694114517229,0,34,30.7,"Republican"
"299","OH.10",0,6,0.170642947706662,0,28.5,26.7,"Republican"
"300","OH.11",0,4,0.536520212577403,1,21,25.7,"Democrat"
"301","OH.12",0.153846153846154,7,0.045463708986183,0,42,37.7,"Republican"
"302","OH.13",0.0666666666666667,6,0.11584719126016,0,22.6,20.4,"Democrat"
"303","OH.14",0,1,0.0398203721735217,0,38.9,31.7,"Republican"
"304","OH.15",0.0909090909090909,2,0.0361738468739479,0,34.8,28.3,"Republican"
"305","OH.16",0,2,0.0203725819001927,0,38.4,31,"Republican"
"306","OH.2",0,1,0.083533921233208,0,32.3,28.9,"Republican"
"307","OH.3",0,1,0.323378397020279,1,22.8,25.8,"Democrat"
"308","OH.4",0,4,0.0509106951008389,0,27,16.3,"Republican"
"309","OH.5",0.0666666666666667,4,0.0278902850383538,0,31.2,23.6,"Republican"
"310","OH.6",0.117647058823529,2,0.0222380716231954,0,23.3,14.5,"Republican"
"311","OH.7",0,2,0.0382608261754836,0,28.5,18.6,"Republican"
"312","OH.8",NA,12,0.0587468484193611,0,31.8,22,"Republican"
"313","OH.9",0,16,0.160416052179043,0,22.7,20.5,"Democrat"
"314","OK.1",0,1,0.088195129152848,0,30.5,28.4,"Republican"
"315","OK.2",0.111111111111111,1,0.0347809600613106,0,20.5,16,"Republican"
"316","OK.3",0.142857142857143,11,0.0358126101597954,0,27.5,21.1,"Republican"
"317","OK.4",0,6,0.0654603505502518,0,29.5,23.4,"Republican"
"318","OK.5",0,2,0.135858669245465,0,27.6,28.6,"Republican"
"319","OR.1",0,2,0.0154759457236842,0,40.5,37.3,"Democrat"
"320","OR.2",0.0769230769230769,8,0.00549360031236339,0,25.2,22.7,"Republican"
"321","OR.3",0.130434782608696,10,0.0533214806897827,0,34.1,35.9,"Democrat"
"322","OR.4",0,14,0.00764441991194336,0,24.5,24.7,"Democrat"
"323","OR.5",0.0555555555555556,3,0.00862749258079623,0,33.4,27.9,"Democrat"
"324","PA.1",0,9,0.356989384650318,0,24.6,23.4,"Democrat"
"325","PA.10",0,2,0.03337705502566,0,28.5,20.1,"Republican"
"326","PA.11",0.0833333333333333,2,0.0496302741554691,0,30.9,22.2,"Republican"
"327","PA.12",0,1,0.030040635704104,0,35.7,30,"Republican"
"328","PA.13",0,5,0.181261357337805,0,37.5,31.6,"Democrat"
"329","PA.14",0,10,0.213933914196393,0,24.1,28.7,"Democrat"
"330","PA.15",0,5,0.047067796991804,0,36.8,27.4,"Republican"
"331","PA.16",0.142857142857143,9,0.0635935136110676,0,33.3,24.2,"Republican"
"332","PA.17",0,1,0.0583890056441187,0,29.3,20,"Democrat"
"333","PA.18",0,6,0.023304557737752,0,38,32.9,"Republican"
"334","PA.2",0.0588235294117647,10,0.593712773369895,1,24.8,32,"Democrat"
"335","PA.3",0,2,0.0459400115116502,0,27.9,22.9,"Republican"
"336","PA.4",0,1,0.0750947325058758,0,36.6,24.6,"Republican"
"337","PA.5",0,3,0.0221358667626242,0,25.5,21.6,"Republican"
"338","PA.6",0.111111111111111,6,0.0420315802945938,0,49.4,40.7,"Republican"
"339","PA.7",0.2,2,0.0531266794273761,0,52.6,40.3,"Republican"
"340","PA.8",0,3,0.0361712928985255,0,51.3,35.7,"Republican"
"341","PA.9",0.181818181818182,7,0.0302172893543849,0,24.7,16.9,"Republican"
"342","RI.1",0,2,0.0860296209204862,0,34.9,31.3,"Democrat"
"343","RI.2",0,7,0.0404355744567238,0,40.7,31.4,"Democrat"
"344","SC.1",0,4,0.196261408374762,0,37.5,36.6,"Republican"
"345","SC.2",0,7,0.231754735194834,0,34,31.5,"Republican"
"346","SC.3",0,2,0.186995982919881,0,23.8,19.6,"Republican"
"347","SC.4",0,2,0.189210016965758,0,29.3,28.4,"Republican"
"348","SC.5",0,2,0.271959824321405,0,26.2,20.8,"Republican"
"349","SC.6",0,11,0.574288817291033,1,17.2,18.1,"Democrat"
"350","SC.7",0,1,0.295994403130412,0,21.7,19.7,"Republican"
"351","SD.0",0.0625,2,0.0139736160291227,0,29.6,26.2,"Republican"
"352","TN.1",0.0769230769230769,3,0.0218412134447506,0,20.5,18,"Republican"
"353","TN.2",0,14,0.0648836712193146,0,27.9,28.1,"Republican"
"354","TN.3",0,2,0.109136277147908,0,25.4,20.6,"Republican"
"355","TN.4",0,2,0.081989243548789,0,26.3,19.9,"Republican"
"356","TN.5",0,12,0.25045262690989,0,28.4,33.7,"Democrat"
"357","TN.6",0.037037037037037,2,0.0423002162553328,0,26.7,19.3,"Republican"
"358","TN.7",0,6,0.0992648859544658,0,31.1,25.3,"Republican"
"359","TN.8",0,2,0.192135597070013,0,33.6,27.6,"Republican"
"360","TN.9",0,4,0.647314528321541,0,20.9,22.2,"Democrat"
"361","TX.1",0,5,0.179858348308239,0,26.7,19.5,"Republican"
"362","TX.10",0,5,0.101875701324767,0,41.7,35.6,"Republican"
"363","TX.11",0,5,0.0372928604179501,0,30.2,18.9,"Republican"
"364","TX.12",0.166666666666667,9,0.0815486492272004,0,37.8,28.7,"Republican"
"365","TX.13",0,10,0.0542107520732056,0,28.6,19.5,"Republican"
"366","TX.14",0,1,0.202580537017623,0,35.8,22.1,"Republican"
"367","TX.15",0,9,0.0182443096131589,0,24,17.6,"Democrat"
"368","TX.16",0,1,0.0366393751865262,0,24.6,22.4,"Democrat"
"369","TX.17",0.0714285714285714,2,0.133919183661964,0,29.1,28,"Republican"
"370","TX.18",0.0217391304347826,10,0.398335038928389,1,23.9,18.8,"Democrat"
"371","TX.19",0,6,0.0595705415930311,0,26,21.2,"Republican"
"372","TX.2",0,5,0.0993304602770567,0,47.7,38.3,"Republican"
"373","TX.20",0,1,0.0504568781023452,0,27.5,22.9,"Democrat"
"374","TX.21",0.111111111111111,14,0.0314634552681058,0,40.3,44,"Republican"
"375","TX.22",0.0769230769230769,3,0.129298873469928,0,55.7,41.3,"Republican"
"376","TX.23",0,1,0.0316437776301367,0,30.1,20.7,"Democrat"
"377","TX.24",0,5,0.105673889729784,0,42.3,42.4,"Republican"
"378","TX.25",0.166666666666667,1,0.0734609487395683,0,40,34.3,"Republican"
"379","TX.26",0.032258064516129,6,0.0688596745236578,0,52.3,39.7,"Republican"
"380","TX.27",0.0769230769230769,2,0.0553833269457338,0,29.4,18.1,"Republican"
"381","TX.28",0,5,0.0440134257266407,0,25.8,17.1,"Democrat"
"382","TX.29",0,11,0.100783937184395,0,19.5,8.5,"Democrat"
"383","TX.3",0.157894736842105,12,0.0860513331245836,0,54.9,51.5,"Republican"
"384","TX.30",0,11,0.446208816378308,1,25,19.3,"Democrat"
"385","TX.31",0,6,0.11271508497836,0,41.1,32,"Republican"
"386","TX.32",0,9,0.120698067285429,0,41.8,41.4,"Republican"
"387","TX.33",0,1,0.161143495854438,1,14.5,8.9,"Democrat"
"388","TX.34",0,1,0.014423580946876,0,19.4,13.9,"Democrat"
"389","TX.35",0,10,0.0937830828604877,0,21,16.9,"Democrat"
"390","TX.36",0.0217391304347826,2,0.093678177926395,0,35,18.3,"Republican"
"391","TX.4",0.272727272727273,17,0.108003348325128,0,29.9,19.2,"Republican"
"392","TX.5",NA,6,0.142657324819101,0,27.6,18.4,"Republican"
"393","TX.6",0,15,0.186252867896092,0,39.1,28.7,"Republican"
"394","TX.7",0,7,0.12786549686964,0,47,47.3,"Republican"
"395","TX.8",0,9,0.0842251268926508,0,40.9,26.5,"Republican"
"396","TX.9",0,5,0.388596342702337,1,24.7,23.8,"Democrat"
"397","UT.1",0.0666666666666667,6,0.0104521164644022,0,37.1,28,"Republican"
"398","UT.2",0,1,0.013224967434465,0,32.1,29.8,"Republican"
"399","UT.3",0.111111111111111,3,0.00560636641649776,0,40.5,37.2,"Republican"
"400","UT.4",0,7,0.0148867086472506,0,37.7,26.6,"Democrat"
"401","VA.1",0.1,4,0.174006868887283,0,51.6,34.5,"Republican"
"402","VA.10",0,17,0.068509509773379,0,68.6,53,"Republican"
"403","VA.11",0.04,3,0.12510627358939,0,65.7,53.1,"Democrat"
"404","VA.2",0,2,0.216271951423058,0,38.9,30.6,"Republican"
"405","VA.3",0.0909090909090909,11,0.576276794589222,1,23.4,21.7,"Democrat"
"406","VA.4",0,7,0.316292266515489,0,40.9,24.5,"Republican"
"407","VA.5",0,2,0.204639641064647,0,29.5,25,"Republican"
"408","VA.6",0.230769230769231,11,0.108244071511225,0,29,25.1,"Republican"
"409","VA.7",NA,7,0.148364324086377,0,47.2,39.3,"Republican"
"410","VA.8",0,12,0.139762921583311,0,61.9,59.7,"Democrat"
"411","VA.9",0,2,0.0517679280115854,0,21.1,18.2,"Republican"
"412","VT.0",0,4,0.00980821340013804,0,33.9,34.8,"Democrat"
"413","WA.1",0,2,0.0115150664831037,0,52.9,39.1,"Democrat"
"414","WA.10",0.125,1,0.0603216062803695,0,36.1,25.3,"Democrat"
"415","WA.2",0,7,0.0252717899758523,0,37.4,28.7,"Democrat"
"416","WA.3",0,2,0.0149160127784239,0,33.2,22.2,"Republican"
"417","WA.4",0.105263157894737,10,0.0109625660611852,0,30.2,19.1,"Republican"
"418","WA.5",0.0769230769230769,5,0.0167295805706887,0,28.8,27.6,"Republican"
"419","WA.6",0.1,1,0.0372680893276805,0,34.3,27.3,"Democrat"
"420","WA.7",0,13,0.0437303552198831,0,44.9,55.5,"Democrat"
"421","WA.8",0.04,5,0.025594546192533,0,48.3,31.3,"Republican"
"422","WA.9",0,9,0.112729373266322,0,43.1,38.7,"Democrat"
"423","WI.1",0,8,0.0527486602177357,0,38.2,26,"Republican"
"424","WI.2",0,1,0.0422093255842381,0,37.5,37.9,"Democrat"
"425","WI.3",0,9,0.010786462001184,0,28,22.8,"Democrat"
"426","WI.4",0,5,0.340465621352249,1,22.3,26,"Democrat"
"427","WI.5",0,18,0.0180999153449832,0,41.3,33.9,"Republican"
"428","WI.6",0,18,0.015591606488043,0,32.3,23.8,"Republican"
"429","WI.7",0,2,0.00666762401133046,0,27.6,20.7,"Republican"
"430","WI.8",0.0769230769230769,2,0.0123547702012743,0,32.2,23.4,"Republican"
"431","WV.1",0,2,0.0234337265427717,0,23.9,20,"Republican"
"432","WV.2",0,7,0.0344035518318149,0,27.4,20.2,"Republican"
"433","WV.3",0,19,0.0368234127404155,0,20.4,14.8,"Democrat"
"434","WY.0",0,3,0.00906278173201388,0,36.8,24.7,"Republican"
